Sunrise/sunset (full year; text version) for VANCOUVER BC for 2026
Date,Nautical Twilight Start,Civil Twilight Start,Sun rise,Local noon,Sun set,Civil Twilight End,Nautical Twilight End,Hours of illumination (day),Hours of illumination (sky),Hours of illumination (total),Local Sidereal Time at 00:00 EST (hh:mm:ss)
Jan  1 2026,6:50,7:30,8:08,12:16,16:25,17:02,17:43,8.29,1.24,9.53,6:31:29
Jan  2 2026,6:50,7:30,8:08,12:17,16:26,17:03,17:44,8.31,1.24,9.55,6:35:25
Jan  3 2026,6:50,7:30,8:07,12:17,16:27,17:04,17:45,8.33,1.24,9.57,6:39:22
Jan  4 2026,6:50,7:30,8:07,12:18,16:28,17:05,17:46,8.35,1.24,9.59,6:43:18
Jan  5 2026,6:50,7:30,8:07,12:18,16:29,17:06,17:47,8.37,1.23,9.61,6:47:15
Jan  6 2026,6:49,7:30,8:07,12:18,16:31,17:07,17:48,8.40,1.23,9.63,6:51:11
Jan  7 2026,6:49,7:29,8:06,12:19,16:32,17:09,17:49,8.42,1.23,9.65,6:55:08
Jan  8 2026,6:49,7:29,8:06,12:19,16:33,17:10,17:50,8.45,1.23,9.68,6:59:04
Jan  9 2026,6:49,7:29,8:06,12:20,16:34,17:11,17:51,8.48,1.22,9.70,7:03:01
Jan 10 2026,6:48,7:28,8:05,12:20,16:36,17:12,17:52,8.51,1.22,9.73,7:06:58
Jan 11 2026,6:48,7:28,8:05,12:21,16:37,17:13,17:53,8.54,1.22,9.76,7:10:54
Jan 12 2026,6:48,7:28,8:04,12:21,16:38,17:15,17:55,8.57,1.21,9.79,7:14:51
Jan 13 2026,6:47,7:27,8:03,12:21,16:40,17:16,17:56,8.61,1.21,9.82,7:18:47
Jan 14 2026,6:47,7:26,8:03,12:22,16:41,17:17,17:57,8.64,1.21,9.85,7:22:44
Jan 15 2026,6:46,7:26,8:02,12:22,16:42,17:19,17:58,8.68,1.20,9.88,7:26:40
Jan 16 2026,6:46,7:25,8:01,12:22,16:44,17:20,18:00,8.71,1.20,9.91,7:30:37
Jan 17 2026,6:45,7:24,8:00,12:23,16:45,17:21,18:01,8.75,1.20,9.95,7:34:33
Jan 18 2026,6:44,7:24,7:59,12:23,16:47,17:23,18:02,8.79,1.19,9.98,7:38:30
Jan 19 2026,6:44,7:23,7:59,12:23,16:48,17:24,18:03,8.83,1.19,10.02,7:42:27
Jan 20 2026,6:43,7:22,7:58,12:24,16:50,17:26,18:05,8.87,1.19,10.06,7:46:23
Jan 21 2026,6:42,7:21,7:57,12:24,16:52,17:27,18:06,8.92,1.18,10.10,7:50:20
Jan 22 2026,6:41,7:20,7:56,12:24,16:53,17:28,18:08,8.96,1.18,10.14,7:54:16
Jan 23 2026,6:40,7:19,7:55,12:24,16:55,17:30,18:09,9.00,1.17,10.18,7:58:13
Jan 24 2026,6:40,7:18,7:53,12:25,16:56,17:31,18:10,9.05,1.17,10.22,8:02:09
Jan 25 2026,6:39,7:17,7:52,12:25,16:58,17:33,18:12,9.09,1.17,10.26,8:06:06
Jan 26 2026,6:38,7:16,7:51,12:25,17:00,17:34,18:13,9.14,1.16,10.30,8:10:02
Jan 27 2026,6:37,7:15,7:50,12:25,17:01,17:36,18:15,9.19,1.16,10.35,8:13:59
Jan 28 2026,6:36,7:14,7:49,12:25,17:03,17:37,18:16,9.24,1.15,10.39,8:17:56
Jan 29 2026,6:34,7:13,7:47,12:26,17:04,17:39,18:17,9.28,1.15,10.44,8:21:52
Jan 30 2026,6:33,7:12,7:46,12:26,17:06,17:41,18:19,9.33,1.15,10.48,8:25:49
Jan 31 2026,6:32,7:10,7:45,12:26,17:08,17:42,18:20,9.38,1.14,10.53,8:29:45
Feb  1 2026,6:31,7:09,7:43,12:26,17:09,17:44,18:22,9.44,1.14,10.57,8:33:42
Feb  2 2026,6:30,7:08,7:42,12:26,17:11,17:45,18:23,9.49,1.14,10.62,8:37:38
Feb  3 2026,6:28,7:06,7:40,12:26,17:13,17:47,18:25,9.54,1.13,10.67,8:41:35
Feb  4 2026,6:27,7:05,7:39,12:26,17:14,17:48,18:26,9.59,1.13,10.72,8:45:31
Feb  5 2026,6:26,7:04,7:37,12:26,17:16,17:50,18:28,9.65,1.12,10.77,8:49:28
Feb  6 2026,6:24,7:02,7:36,12:27,17:18,17:51,18:29,9.70,1.12,10.82,8:53:25
Feb  7 2026,6:23,7:01,7:34,12:27,17:20,17:53,18:31,9.75,1.12,10.87,8:57:21
Feb  8 2026,6:22,6:59,7:33,12:27,17:21,17:55,18:32,9.81,1.11,10.92,9:01:18
Feb  9 2026,6:20,6:58,7:31,12:27,17:23,17:56,18:34,9.86,1.11,10.97,9:05:14
Feb 10 2026,6:19,6:56,7:29,12:27,17:25,17:58,18:35,9.92,1.11,11.03,9:09:11
Feb 11 2026,6:17,6:55,7:28,12:27,17:26,17:59,18:37,9.97,1.10,11.08,9:13:07
Feb 12 2026,6:16,6:53,7:26,12:27,17:28,18:01,18:38,10.03,1.10,11.13,9:17:04
Feb 13 2026,6:14,6:51,7:24,12:27,17:30,18:03,18:40,10.09,1.10,11.19,9:21:00
Feb 14 2026,6:13,6:50,7:23,12:27,17:31,18:04,18:41,10.14,1.10,11.24,9:24:57
Feb 15 2026,6:11,6:48,7:21,12:27,17:33,18:06,18:43,10.20,1.09,11.29,9:28:54
Feb 16 2026,6:09,6:46,7:19,12:26,17:35,18:07,18:45,10.26,1.09,11.35,9:32:50
Feb 17 2026,6:08,6:45,7:17,12:26,17:36,18:09,18:46,10.32,1.09,11.40,9:36:47
Feb 18 2026,6:06,6:43,7:15,12:26,17:38,18:11,18:48,10.37,1.08,11.46,9:40:43
Feb 19 2026,6:04,6:41,7:14,12:26,17:40,18:12,18:49,10.43,1.08,11.52,9:44:40
Feb 20 2026,6:02,6:39,7:12,12:26,17:41,18:14,18:51,10.49,1.08,11.57,9:48:36
Feb 21 2026,6:01,6:38,7:10,12:26,17:43,18:15,18:52,10.55,1.08,11.63,9:52:33
Feb 22 2026,5:59,6:36,7:08,12:26,17:45,18:17,18:54,10.61,1.08,11.69,9:56:29
Feb 23 2026,5:57,6:34,7:06,12:26,17:46,18:18,18:55,10.67,1.07,11.74,10:00:26
Feb 24 2026,5:55,6:32,7:04,12:26,17:48,18:20,18:57,10.73,1.07,11.80,10:04:23
Feb 25 2026,5:53,6:30,7:02,12:25,17:49,18:22,18:58,10.79,1.07,11.86,10:08:19
Feb 26 2026,5:51,6:28,7:00,12:25,17:51,18:23,19:00,10.85,1.07,11.92,10:12:16
Feb 27 2026,5:50,6:26,6:58,12:25,17:53,18:25,19:02,10.91,1.07,11.97,10:16:12
Feb 28 2026,5:48,6:24,6:56,12:25,17:54,18:26,19:03,10.97,1.06,12.03,10:20:09
Mar  1 2026,5:46,6:22,6:54,12:25,17:56,18:28,19:05,11.03,1.06,12.09,10:24:05
Mar  2 2026,5:44,6:20,6:52,12:25,17:58,18:29,19:06,11.09,1.06,12.15,10:28:02
Mar  3 2026,5:42,6:18,6:50,12:24,17:59,18:31,19:08,11.15,1.06,12.21,10:31:58
Mar  4 2026,5:40,6:16,6:48,12:24,18:01,18:33,19:09,11.21,1.06,12.27,10:35:55
Mar  5 2026,5:38,6:14,6:46,12:24,18:02,18:34,19:11,11.27,1.06,12.33,10:39:52
Mar  6 2026,5:36,6:12,6:44,12:24,18:04,18:36,19:13,11.33,1.06,12.39,10:43:48
Mar  7 2026,5:34,6:10,6:42,12:23,18:06,18:37,19:14,11.39,1.06,12.45,10:47:45
Mar  8 2026,5:32,6:08,6:40,12:23,18:07,18:39,19:16,11.45,1.06,12.51,10:51:41
Mar  9 2026,5:29,6:06,6:38,12:23,18:09,18:40,19:17,11.51,1.06,12.57,10:55:38
Mar 10 2026,5:27,6:04,6:36,12:23,18:10,18:42,19:19,11.57,1.06,12.63,10:59:34
Mar 11 2026,5:25,6:02,6:34,12:22,18:12,18:44,19:21,11.64,1.05,12.69,11:03:31
Mar 12 2026,5:23,6:00,6:32,12:22,18:13,18:45,19:22,11.70,1.05,12.75,11:07:27
Mar 13 2026,5:21,5:58,6:30,12:22,18:15,18:47,19:24,11.76,1.05,12.81,11:11:24
Mar 14 2026,5:19,5:56,6:27,12:22,18:17,18:48,19:25,11.82,1.05,12.87,11:15:21
Mar 15 2026,5:17,5:54,6:25,12:21,18:18,18:50,19:27,11.88,1.05,12.94,11:19:17
Mar 16 2026,5:14,5:52,6:23,12:21,18:20,18:51,19:29,11.94,1.06,13.00,11:23:14
Mar 17 2026,5:12,5:49,6:21,12:21,18:21,18:53,19:30,12.00,1.06,13.06,11:27:10
Mar 18 2026,5:10,5:47,6:19,12:20,18:23,18:55,19:32,12.06,1.06,13.12,11:31:07
Mar 19 2026,5:08,5:45,6:17,12:20,18:24,18:56,19:34,12.13,1.06,13.18,11:35:03
Mar 20 2026,5:06,5:43,6:15,12:20,18:26,18:58,19:35,12.19,1.06,13.24,11:39:00
Mar 21 2026,5:03,5:41,6:13,12:20,18:27,18:59,19:37,12.25,1.06,13.31,11:42:56
Mar 22 2026,5:01,5:39,6:10,12:19,18:29,19:01,19:38,12.31,1.06,13.37,11:46:53
Mar 23 2026,4:59,5:37,6:08,12:19,18:30,19:02,19:40,12.37,1.06,13.43,11:50:50
Mar 24 2026,4:57,5:34,6:06,12:19,18:32,19:04,19:42,12.43,1.06,13.49,11:54:46
Mar 25 2026,4:54,5:32,6:04,12:18,18:34,19:06,19:43,12.49,1.06,13.55,11:58:43
Mar 26 2026,4:52,5:30,6:02,12:18,18:35,19:07,19:45,12.55,1.06,13.62,12:02:39
Mar 27 2026,4:50,5:28,6:00,12:18,18:37,19:09,19:47,12.61,1.07,13.68,12:06:36
Mar 28 2026,4:48,5:26,5:58,12:17,18:38,19:10,19:49,12.67,1.07,13.74,12:10:32
Mar 29 2026,4:45,5:24,5:56,12:17,18:40,19:12,19:50,12.74,1.07,13.80,12:14:29
Mar 30 2026,4:43,5:21,5:53,12:17,18:41,19:13,19:52,12.80,1.07,13.87,12:18:25
Mar 31 2026,4:41,5:19,5:51,12:17,18:43,19:15,19:54,12.86,1.07,13.93,12:22:22
Apr  1 2026,4:38,5:17,5:49,12:16,18:44,19:17,19:55,12.92,1.08,13.99,12:26:19
Apr  2 2026,4:36,5:15,5:47,12:16,18:46,19:18,19:57,12.98,1.08,14.06,12:30:15
Apr  3 2026,4:34,5:13,5:45,12:16,18:47,19:20,19:59,13.04,1.08,14.12,12:34:12
Apr  4 2026,4:31,5:10,5:43,12:15,18:49,19:21,20:01,13.10,1.08,14.18,12:38:08
Apr  5 2026,4:29,5:08,5:41,12:15,18:50,19:23,20:02,13.16,1.09,14.24,12:42:05
Apr  6 2026,4:27,5:06,5:39,12:15,18:52,19:25,20:04,13.22,1.09,14.31,12:46:01
Apr  7 2026,4:24,5:04,5:37,12:15,18:53,19:26,20:06,13.28,1.09,14.37,12:49:58
Apr  8 2026,4:22,5:02,5:35,12:14,18:55,19:28,20:08,13.34,1.10,14.43,12:53:54
Apr  9 2026,4:20,5:00,5:33,12:14,18:56,19:29,20:10,13.40,1.10,14.50,12:57:51
Apr 10 2026,4:17,4:58,5:31,12:14,18:58,19:31,20:11,13.46,1.10,14.56,13:01:48
Apr 11 2026,4:15,4:55,5:28,12:13,18:59,19:33,20:13,13.52,1.11,14.62,13:05:44
Apr 12 2026,4:13,4:53,5:26,12:13,19:01,19:34,20:15,13.58,1.11,14.68,13:09:41
Apr 13 2026,4:10,4:51,5:24,12:13,19:02,19:36,20:17,13.63,1.11,14.75,13:13:37
Apr 14 2026,4:08,4:49,5:22,12:13,19:04,19:38,20:19,13.69,1.12,14.81,13:17:34
Apr 15 2026,4:06,4:47,5:20,12:12,19:06,19:39,20:21,13.75,1.12,14.87,13:21:30
Apr 16 2026,4:03,4:45,5:18,12:12,19:07,19:41,20:23,13.81,1.12,14.93,13:25:27
Apr 17 2026,4:01,4:43,5:16,12:12,19:09,19:42,20:24,13.87,1.13,15.00,13:29:23
Apr 18 2026,3:59,4:41,5:14,12:12,19:10,19:44,20:26,13.93,1.13,15.06,13:33:20
Apr 19 2026,3:56,4:39,5:13,12:12,19:12,19:46,20:28,13.98,1.14,15.12,13:37:17
Apr 20 2026,3:54,4:36,5:11,12:11,19:13,19:47,20:30,14.04,1.14,15.18,13:41:13
Apr 21 2026,3:52,4:34,5:09,12:11,19:15,19:49,20:32,14.10,1.15,15.24,13:45:10
Apr 22 2026,3:49,4:32,5:07,12:11,19:16,19:51,20:34,14.16,1.15,15.31,13:49:06
Apr 23 2026,3:47,4:30,5:05,12:11,19:18,19:52,20:36,14.21,1.16,15.37,13:53:03
Apr 24 2026,3:45,4:28,5:03,12:11,19:19,19:54,20:38,14.27,1.16,15.43,13:56:59
Apr 25 2026,3:43,4:26,5:01,12:10,19:21,19:56,20:40,14.32,1.17,15.49,14:00:56
Apr 26 2026,3:40,4:24,4:59,12:10,19:22,19:57,20:42,14.38,1.17,15.55,14:04:52
Apr 27 2026,3:38,4:22,4:58,12:10,19:24,19:59,20:44,14.43,1.18,15.61,14:08:49
Apr 28 2026,3:36,4:20,4:56,12:10,19:25,20:01,20:46,14.49,1.18,15.67,14:12:46
Apr 29 2026,3:34,4:18,4:54,12:10,19:27,20:02,20:48,14.54,1.19,15.73,14:16:42
Apr 30 2026,3:31,4:17,4:52,12:10,19:28,20:04,20:50,14.60,1.19,15.79,14:20:39
May  1 2026,3:29,4:15,4:51,12:10,19:30,20:06,20:52,14.65,1.20,15.85,14:24:35
May  2 2026,3:27,4:13,4:49,12:09,19:31,20:07,20:54,14.70,1.20,15.91,14:28:32
May  3 2026,3:25,4:11,4:47,12:09,19:33,20:09,20:56,14.76,1.21,15.97,14:32:28
May  4 2026,3:22,4:09,4:45,12:09,19:34,20:11,20:58,14.81,1.22,16.02,14:36:25
May  5 2026,3:20,4:07,4:44,12:09,19:35,20:12,21:00,14.86,1.22,16.08,14:40:21
May  6 2026,3:18,4:06,4:42,12:09,19:37,20:14,21:02,14.91,1.23,16.14,14:44:18
May  7 2026,3:16,4:04,4:41,12:09,19:38,20:16,21:04,14.96,1.23,16.20,14:48:15
May  8 2026,3:14,4:02,4:39,12:09,19:40,20:17,21:06,15.01,1.24,16.25,14:52:11
May  9 2026,3:12,4:00,4:38,12:09,19:41,20:19,21:08,15.06,1.25,16.31,14:56:08
May 10 2026,3:10,3:59,4:36,12:09,19:43,20:20,21:10,15.11,1.25,16.36,15:00:04
May 11 2026,3:08,3:57,4:35,12:09,19:44,20:22,21:12,15.16,1.26,16.42,15:04:01
May 12 2026,3:06,3:55,4:33,12:09,19:45,20:24,21:14,15.21,1.27,16.47,15:07:57
May 13 2026,3:04,3:54,4:32,12:09,19:47,20:25,21:16,15.25,1.27,16.52,15:11:54
May 14 2026,3:02,3:52,4:30,12:09,19:48,20:27,21:18,15.30,1.28,16.58,15:15:50
May 15 2026,3:00,3:51,4:29,12:09,19:50,20:28,21:20,15.34,1.28,16.63,15:19:47
May 16 2026,2:58,3:49,4:28,12:09,19:51,20:30,21:21,15.39,1.29,16.68,15:23:44
May 17 2026,2:56,3:48,4:26,12:09,19:52,20:31,21:23,15.43,1.30,16.73,15:27:40
May 18 2026,2:54,3:46,4:25,12:09,19:54,20:33,21:25,15.47,1.30,16.78,15:31:37
May 19 2026,2:52,3:45,4:24,12:09,19:55,20:34,21:27,15.52,1.31,16.83,15:35:33
May 20 2026,2:50,3:43,4:23,12:09,19:56,20:36,21:29,15.56,1.32,16.87,15:39:30
May 21 2026,2:49,3:42,4:22,12:09,19:57,20:37,21:31,15.60,1.32,16.92,15:43:26
May 22 2026,2:47,3:41,4:21,12:09,19:59,20:39,21:33,15.64,1.33,16.96,15:47:23
May 23 2026,2:45,3:40,4:19,12:09,20:00,20:40,21:35,15.67,1.34,17.01,15:51:19
May 24 2026,2:44,3:38,4:18,12:09,20:01,20:41,21:37,15.71,1.34,17.05,15:55:16
May 25 2026,2:42,3:37,4:17,12:10,20:02,20:43,21:38,15.75,1.35,17.09,15:59:13
May 26 2026,2:41,3:36,4:17,12:10,20:03,20:44,21:40,15.78,1.35,17.14,16:03:09
May 27 2026,2:39,3:35,4:16,12:10,20:05,20:45,21:42,15.82,1.36,17.18,16:07:06
May 28 2026,2:38,3:34,4:15,12:10,20:06,20:47,21:43,15.85,1.37,17.21,16:11:02
May 29 2026,2:36,3:33,4:14,12:10,20:07,20:48,21:45,15.88,1.37,17.25,16:14:59
May 30 2026,2:35,3:32,4:13,12:10,20:08,20:49,21:47,15.91,1.38,17.29,16:18:55
May 31 2026,2:33,3:31,4:12,12:10,20:09,20:50,21:48,15.94,1.38,17.32,16:22:52
Jun  1 2026,2:32,3:30,4:12,12:10,20:10,20:51,21:50,15.97,1.39,17.36,16:26:48
Jun  2 2026,2:31,3:29,4:11,12:11,20:11,20:53,21:51,15.99,1.39,17.39,16:30:45
Jun  3 2026,2:30,3:29,4:10,12:11,20:12,20:54,21:53,16.02,1.40,17.42,16:34:42
Jun  4 2026,2:29,3:28,4:10,12:11,20:13,20:55,21:54,16.05,1.40,17.45,16:38:38
Jun  5 2026,2:28,3:27,4:09,12:11,20:13,20:56,21:55,16.07,1.41,17.47,16:42:35
Jun  6 2026,2:27,3:27,4:09,12:11,20:14,20:57,21:57,16.09,1.41,17.50,16:46:31
Jun  7 2026,2:26,3:26,4:08,12:11,20:15,20:57,21:58,16.11,1.42,17.53,16:50:28
Jun  8 2026,2:25,3:25,4:08,12:12,20:16,20:58,21:59,16.13,1.42,17.55,16:54:24
Jun  9 2026,2:24,3:25,4:08,12:12,20:16,20:59,22:00,16.15,1.42,17.57,16:58:21
Jun 10 2026,2:24,3:25,4:07,12:12,20:17,21:00,22:01,16.16,1.43,17.59,17:02:17
Jun 11 2026,2:23,3:24,4:07,12:12,20:18,21:01,22:02,16.18,1.43,17.61,17:06:14
Jun 12 2026,2:23,3:24,4:07,12:12,20:18,21:01,22:03,16.19,1.43,17.62,17:10:11
Jun 13 2026,2:22,3:24,4:07,12:13,20:19,21:02,22:04,16.20,1.43,17.64,17:14:07
Jun 14 2026,2:22,3:24,4:07,12:13,20:19,21:03,22:04,16.21,1.44,17.65,17:18:04
Jun 15 2026,2:22,3:23,4:07,12:13,20:20,21:03,22:05,16.22,1.44,17.66,17:22:00
Jun 16 2026,2:21,3:23,4:06,12:13,20:20,21:03,22:06,16.23,1.44,17.67,17:25:57
Jun 17 2026,2:21,3:23,4:07,12:14,20:21,21:04,22:06,16.24,1.44,17.68,17:29:53
Jun 18 2026,2:21,3:23,4:07,12:14,20:21,21:04,22:07,16.24,1.44,17.68,17:33:50
Jun 19 2026,2:21,3:23,4:07,12:14,20:21,21:05,22:07,16.24,1.44,17.69,17:37:46
Jun 20 2026,2:21,3:24,4:07,12:14,20:22,21:05,22:07,16.24,1.44,17.69,17:41:43
Jun 21 2026,2:21,3:24,4:07,12:14,20:22,21:05,22:07,16.24,1.44,17.69,17:45:40
Jun 22 2026,2:22,3:24,4:07,12:15,20:22,21:05,22:07,16.24,1.44,17.69,17:49:36
Jun 23 2026,2:22,3:24,4:08,12:15,20:22,21:05,22:07,16.24,1.44,17.68,17:53:33
Jun 24 2026,2:22,3:25,4:08,12:15,20:22,21:05,22:07,16.24,1.44,17.68,17:57:29
Jun 25 2026,2:23,3:25,4:08,12:15,20:22,21:05,22:07,16.23,1.44,17.67,18:01:26
Jun 26 2026,2:24,3:26,4:09,12:15,20:22,21:05,22:07,16.22,1.44,17.66,18:05:22
Jun 27 2026,2:24,3:26,4:09,12:16,20:22,21:05,22:07,16.21,1.44,17.65,18:09:19
Jun 28 2026,2:25,3:27,4:10,12:16,20:22,21:05,22:06,16.20,1.43,17.64,18:13:15
Jun 29 2026,2:26,3:27,4:10,12:16,20:22,21:05,22:06,16.19,1.43,17.62,18:17:12
Jun 30 2026,2:27,3:28,4:11,12:16,20:21,21:04,22:05,16.18,1.43,17.61,18:21:09
Jul  1 2026,2:28,3:29,4:11,12:16,20:21,21:04,22:05,16.16,1.43,17.59,18:25:05
Jul  2 2026,2:29,3:29,4:12,12:17,20:21,21:04,22:04,16.15,1.42,17.57,18:29:02
Jul  3 2026,2:30,3:30,4:13,12:17,20:21,21:03,22:03,16.13,1.42,17.55,18:32:58
Jul  4 2026,2:31,3:31,4:14,12:17,20:20,21:03,22:03,16.11,1.42,17.53,18:36:55
Jul  5 2026,2:32,3:32,4:14,12:17,20:20,21:02,22:02,16.09,1.41,17.50,18:40:51
Jul  6 2026,2:33,3:33,4:15,12:17,20:19,21:01,22:01,16.07,1.41,17.48,18:44:48
Jul  7 2026,2:34,3:34,4:16,12:18,20:19,21:01,22:00,16.05,1.40,17.45,18:48:44
Jul  8 2026,2:36,3:35,4:17,12:18,20:18,21:00,21:59,16.02,1.40,17.42,18:52:41
Jul  9 2026,2:37,3:36,4:18,12:18,20:17,20:59,21:57,16.00,1.39,17.39,18:56:38
Jul 10 2026,2:39,3:37,4:19,12:18,20:17,20:58,21:56,15.97,1.39,17.36,19:00:34
Jul 11 2026,2:40,3:38,4:20,12:18,20:16,20:57,21:55,15.94,1.38,17.32,19:04:31
Jul 12 2026,2:42,3:39,4:21,12:18,20:15,20:57,21:54,15.91,1.38,17.29,19:08:27
Jul 13 2026,2:43,3:40,4:22,12:18,20:14,20:56,21:52,15.88,1.37,17.25,19:12:24
Jul 14 2026,2:45,3:42,4:23,12:18,20:14,20:55,21:51,15.85,1.37,17.22,19:16:20
Jul 15 2026,2:46,3:43,4:24,12:19,20:13,20:53,21:49,15.82,1.36,17.18,19:20:17
Jul 16 2026,2:48,3:44,4:25,12:19,20:12,20:52,21:48,15.78,1.35,17.14,19:24:13
Jul 17 2026,2:50,3:45,4:26,12:19,20:11,20:51,21:46,15.75,1.35,17.10,19:28:10
Jul 18 2026,2:52,3:47,4:27,12:19,20:10,20:50,21:45,15.71,1.34,17.06,19:32:07
Jul 19 2026,2:53,3:48,4:28,12:19,20:09,20:49,21:43,15.68,1.34,17.01,19:36:03
Jul 20 2026,2:55,3:49,4:29,12:19,20:08,20:48,21:41,15.64,1.33,16.97,19:40:00
Jul 21 2026,2:57,3:51,4:31,12:19,20:07,20:46,21:40,15.60,1.32,16.93,19:43:56
Jul 22 2026,2:59,3:52,4:32,12:19,20:05,20:45,21:38,15.56,1.32,16.88,19:47:53
Jul 23 2026,3:01,3:54,4:33,12:19,20:04,20:43,21:36,15.52,1.31,16.83,19:51:49
Jul 24 2026,3:02,3:55,4:34,12:19,20:03,20:42,21:34,15.48,1.31,16.78,19:55:46
Jul 25 2026,3:04,3:56,4:36,12:19,20:02,20:41,21:32,15.44,1.30,16.74,19:59:42
Jul 26 2026,3:06,3:58,4:37,12:19,20:00,20:39,21:30,15.39,1.29,16.69,20:03:39
Jul 27 2026,3:08,3:59,4:38,12:19,19:59,20:38,21:29,15.35,1.29,16.64,20:07:36
Jul 28 2026,3:10,4:01,4:39,12:19,19:58,20:36,21:27,15.31,1.28,16.59,20:11:32
Jul 29 2026,3:12,4:02,4:41,12:19,19:56,20:34,21:25,15.26,1.27,16.53,20:15:29
Jul 30 2026,3:14,4:04,4:42,12:19,19:55,20:33,21:23,15.21,1.27,16.48,20:19:25
Jul 31 2026,3:16,4:06,4:43,12:19,19:53,20:31,21:21,15.17,1.26,16.43,20:23:22
Aug  1 2026,3:18,4:07,4:45,12:19,19:52,20:30,21:18,15.12,1.25,16.37,20:27:18
Aug  2 2026,3:20,4:09,4:46,12:19,19:50,20:28,21:16,15.07,1.25,16.32,20:31:15
Aug  3 2026,3:22,4:10,4:47,12:19,19:49,20:26,21:14,15.02,1.24,16.27,20:35:11
Aug  4 2026,3:24,4:12,4:49,12:19,19:47,20:24,21:12,14.97,1.24,16.21,20:39:08
Aug  5 2026,3:25,4:13,4:50,12:18,19:46,20:23,21:10,14.92,1.23,16.15,20:43:05
Aug  6 2026,3:27,4:15,4:52,12:18,19:44,20:21,21:08,14.87,1.22,16.10,20:47:01
Aug  7 2026,3:29,4:16,4:53,12:18,19:42,20:19,21:06,14.82,1.22,16.04,20:50:58
Aug  8 2026,3:31,4:18,4:54,12:18,19:41,20:17,21:03,14.77,1.21,15.98,20:54:54
Aug  9 2026,3:33,4:20,4:56,12:18,19:39,20:15,21:01,14.72,1.21,15.93,20:58:51
Aug 10 2026,3:35,4:21,4:57,12:18,19:37,20:13,20:59,14.67,1.20,15.87,21:02:47
Aug 11 2026,3:37,4:23,4:59,12:18,19:36,20:11,20:57,14.62,1.19,15.81,21:06:44
Aug 12 2026,3:39,4:24,5:00,12:17,19:34,20:09,20:55,14.56,1.19,15.75,21:10:40
Aug 13 2026,3:41,4:26,5:02,12:17,19:32,20:07,20:52,14.51,1.18,15.69,21:14:37
Aug 14 2026,3:43,4:28,5:03,12:17,19:30,20:06,20:50,14.45,1.18,15.63,21:18:34
Aug 15 2026,3:45,4:29,5:04,12:17,19:28,20:04,20:48,14.40,1.17,15.57,21:22:30
Aug 16 2026,3:47,4:31,5:06,12:17,19:27,20:02,20:45,14.35,1.17,15.51,21:26:27
Aug 17 2026,3:48,4:32,5:07,12:17,19:25,20:00,20:43,14.29,1.16,15.45,21:30:23
Aug 18 2026,3:50,4:34,5:09,12:16,19:23,19:57,20:41,14.24,1.16,15.39,21:34:20
Aug 19 2026,3:52,4:35,5:10,12:16,19:21,19:55,20:38,14.18,1.15,15.33,21:38:16
Aug 20 2026,3:54,4:37,5:12,12:16,19:19,19:53,20:36,14.12,1.15,15.27,21:42:13
Aug 21 2026,3:56,4:39,5:13,12:16,19:17,19:51,20:34,14.07,1.14,15.21,21:46:09
Aug 22 2026,3:58,4:40,5:14,12:15,19:15,19:49,20:31,14.01,1.14,15.15,21:50:06
Aug 23 2026,4:00,4:42,5:16,12:15,19:13,19:47,20:29,13.95,1.13,15.09,21:54:03
Aug 24 2026,4:01,4:43,5:17,12:15,19:11,19:45,20:27,13.90,1.13,15.03,21:57:59
Aug 25 2026,4:03,4:45,5:19,12:15,19:09,19:43,20:24,13.84,1.13,14.97,22:01:56
Aug 26 2026,4:05,4:47,5:20,12:14,19:07,19:41,20:22,13.78,1.12,14.90,22:05:52
Aug 27 2026,4:07,4:48,5:22,12:14,19:05,19:39,20:20,13.72,1.12,14.84,22:09:49
Aug 28 2026,4:09,4:50,5:23,12:14,19:03,19:37,20:17,13.67,1.11,14.78,22:13:45
Aug 29 2026,4:10,4:51,5:25,12:13,19:01,19:34,20:15,13.61,1.11,14.72,22:17:42
Aug 30 2026,4:12,4:53,5:26,12:13,18:59,19:32,20:13,13.55,1.11,14.66,22:21:38
Aug 31 2026,4:14,4:54,5:27,12:13,18:57,19:30,20:10,13.49,1.10,14.60,22:25:35
Sep  1 2026,4:16,4:56,5:29,12:12,18:55,19:28,20:08,13.43,1.10,14.53,22:29:32
Sep  2 2026,4:17,4:57,5:30,12:12,18:53,19:26,20:06,13.38,1.10,14.47,22:33:28
Sep  3 2026,4:19,4:59,5:32,12:12,18:51,19:24,20:03,13.32,1.09,14.41,22:37:25
Sep  4 2026,4:21,5:00,5:33,12:11,18:49,19:21,20:01,13.26,1.09,14.35,22:41:21
Sep  5 2026,4:22,5:02,5:35,12:11,18:47,19:19,19:59,13.20,1.09,14.29,22:45:18
Sep  6 2026,4:24,5:03,5:36,12:11,18:44,19:17,19:56,13.14,1.09,14.22,22:49:14
Sep  7 2026,4:26,5:05,5:38,12:10,18:42,19:15,19:54,13.08,1.08,14.16,22:53:11
Sep  8 2026,4:27,5:06,5:39,12:10,18:40,19:13,19:51,13.02,1.08,14.10,22:57:07
Sep  9 2026,4:29,5:08,5:40,12:10,18:38,19:10,19:49,12.96,1.08,14.04,23:01:04
Sep 10 2026,4:31,5:10,5:42,12:09,18:36,19:08,19:47,12.90,1.08,13.98,23:05:01
Sep 11 2026,4:32,5:11,5:43,12:09,18:34,19:06,19:44,12.84,1.07,13.91,23:08:57
Sep 12 2026,4:34,5:13,5:45,12:09,18:32,19:04,19:42,12.78,1.07,13.85,23:12:54
Sep 13 2026,4:36,5:14,5:46,12:08,18:30,19:02,19:40,12.72,1.07,13.79,23:16:50
Sep 14 2026,4:37,5:16,5:48,12:08,18:27,18:59,19:37,12.66,1.07,13.73,23:20:47
Sep 15 2026,4:39,5:17,5:49,12:08,18:25,18:57,19:35,12.60,1.07,13.67,23:24:43
Sep 16 2026,4:40,5:19,5:50,12:07,18:23,18:55,19:33,12.54,1.06,13.61,23:28:40
Sep 17 2026,4:42,5:20,5:52,12:07,18:21,18:53,19:31,12.48,1.06,13.55,23:32:36
Sep 18 2026,4:44,5:21,5:53,12:07,18:19,18:51,19:28,12.42,1.06,13.48,23:36:33
Sep 19 2026,4:45,5:23,5:55,12:06,18:17,18:48,19:26,12.36,1.06,13.42,23:40:30
Sep 20 2026,4:47,5:24,5:56,12:06,18:14,18:46,19:24,12.30,1.06,13.36,23:44:26
Sep 21 2026,4:48,5:26,5:58,12:05,18:12,18:44,19:21,12.24,1.06,13.30,23:48:23
Sep 22 2026,4:50,5:27,5:59,12:05,18:10,18:42,19:19,12.18,1.06,13.24,23:52:19
Sep 23 2026,4:51,5:29,6:01,12:05,18:08,18:40,19:17,12.12,1.06,13.18,23:56:16
Sep 24 2026,4:53,5:30,6:02,12:04,18:06,18:37,19:15,12.06,1.06,13.12,0:00:12
Sep 25 2026,4:55,5:32,6:04,12:04,18:04,18:35,19:12,12.00,1.06,13.06,0:04:09
Sep 26 2026,4:56,5:33,6:05,12:04,18:01,18:33,19:10,11.94,1.06,13.00,0:08:05
Sep 27 2026,4:58,5:35,6:07,12:03,17:59,18:31,19:08,11.88,1.05,12.94,0:12:02
Sep 28 2026,4:59,5:36,6:08,12:03,17:57,18:29,19:06,11.82,1.05,12.87,0:15:59
Sep 29 2026,5:01,5:38,6:09,12:03,17:55,18:27,19:04,11.76,1.05,12.81,0:19:55
Sep 30 2026,5:02,5:39,6:11,12:02,17:53,18:25,19:01,11.70,1.05,12.75,0:23:52
Oct  1 2026,5:04,5:41,6:12,12:02,17:51,18:22,18:59,11.64,1.05,12.69,0:27:48
Oct  2 2026,5:05,5:42,6:14,12:02,17:49,18:20,18:57,11.58,1.06,12.63,0:31:45
Oct  3 2026,5:07,5:44,6:15,12:01,17:47,18:18,18:55,11.52,1.06,12.58,0:35:41
Oct  4 2026,5:08,5:45,6:17,12:01,17:44,18:16,18:53,11.46,1.06,12.52,0:39:38
Oct  5 2026,5:10,5:47,6:18,12:01,17:42,18:14,18:51,11.40,1.06,12.46,0:43:34
Oct  6 2026,5:11,5:48,6:20,12:01,17:40,18:12,18:49,11.34,1.06,12.40,0:47:31
Oct  7 2026,5:13,5:50,6:21,12:00,17:38,18:10,18:47,11.28,1.06,12.34,0:51:28
Oct  8 2026,5:14,5:51,6:23,12:00,17:36,18:08,18:45,11.22,1.06,12.28,0:55:24
Oct  9 2026,5:16,5:53,6:24,12:00,17:34,18:06,18:43,11.16,1.06,12.22,0:59:21
Oct 10 2026,5:17,5:54,6:26,11:59,17:32,18:04,18:41,11.10,1.06,12.16,1:03:17
Oct 11 2026,5:19,5:56,6:28,11:59,17:30,18:02,18:39,11.04,1.06,12.10,1:07:14
Oct 12 2026,5:20,5:57,6:29,11:59,17:28,18:00,18:37,10.98,1.06,12.05,1:11:10
Oct 13 2026,5:22,5:59,6:31,11:59,17:26,17:58,18:35,10.92,1.07,11.99,1:15:07
Oct 14 2026,5:23,6:00,6:32,11:58,17:24,17:56,18:33,10.86,1.07,11.93,1:19:03
Oct 15 2026,5:25,6:02,6:34,11:58,17:22,17:54,18:31,10.80,1.07,11.87,1:23:00
Oct 16 2026,5:26,6:03,6:35,11:58,17:20,17:52,18:29,10.75,1.07,11.82,1:26:57
Oct 17 2026,5:28,6:05,6:37,11:58,17:18,17:50,18:27,10.69,1.07,11.76,1:30:53
Oct 18 2026,5:29,6:06,6:38,11:58,17:16,17:48,18:25,10.63,1.07,11.70,1:34:50
Oct 19 2026,5:31,6:08,6:40,11:57,17:14,17:46,18:23,10.57,1.08,11.65,1:38:46
Oct 20 2026,5:32,6:09,6:42,11:57,17:12,17:45,18:22,10.51,1.08,11.59,1:42:43
Oct 21 2026,5:34,6:11,6:43,11:57,17:10,17:43,18:20,10.45,1.08,11.54,1:46:39
Oct 22 2026,5:35,6:12,6:45,11:57,17:08,17:41,18:18,10.40,1.08,11.48,1:50:36
Oct 23 2026,5:37,6:14,6:46,11:57,17:07,17:39,18:16,10.34,1.09,11.43,1:54:32
Oct 24 2026,5:38,6:15,6:48,11:57,17:05,17:37,18:15,10.28,1.09,11.37,1:58:29
Oct 25 2026,5:39,6:17,6:49,11:57,17:03,17:36,18:13,10.22,1.09,11.32,2:02:26
Oct 26 2026,5:41,6:18,6:51,11:56,17:01,17:34,18:11,10.17,1.09,11.26,2:06:22
Oct 27 2026,5:42,6:20,6:53,11:56,16:59,17:32,18:10,10.11,1.10,11.21,2:10:19
Oct 28 2026,5:44,6:21,6:54,11:56,16:58,17:31,18:08,10.06,1.10,11.16,2:14:15
Oct 29 2026,5:45,6:23,6:56,11:56,16:56,17:29,18:06,10.00,1.10,11.10,2:18:12
Oct 30 2026,5:47,6:24,6:58,11:56,16:54,17:27,18:05,9.94,1.11,11.05,2:22:08
Oct 31 2026,5:48,6:26,6:59,11:56,16:52,17:26,18:03,9.89,1.11,11.00,2:26:05
Nov  1 2026,5:50,6:27,7:01,11:56,16:51,17:24,18:02,9.83,1.11,10.95,2:30:01
Nov  2 2026,5:51,6:29,7:02,11:56,16:49,17:23,18:00,9.78,1.12,10.90,2:33:58
Nov  3 2026,5:53,6:30,7:04,11:56,16:48,17:21,17:59,9.73,1.12,10.85,2:37:55
Nov  4 2026,5:54,6:32,7:06,11:56,16:46,17:20,17:57,9.67,1.12,10.80,2:41:51
Nov  5 2026,5:55,6:33,7:07,11:56,16:44,17:18,17:56,9.62,1.13,10.75,2:45:48
Nov  6 2026,5:57,6:35,7:09,11:56,16:43,17:17,17:55,9.57,1.13,10.70,2:49:44
Nov  7 2026,5:58,6:36,7:10,11:56,16:41,17:15,17:53,9.52,1.13,10.65,2:53:41
Nov  8 2026,6:00,6:38,7:12,11:56,16:40,17:14,17:52,9.46,1.14,10.60,2:57:37
Nov  9 2026,6:01,6:39,7:14,11:56,16:39,17:13,17:51,9.41,1.14,10.55,3:01:34
Nov 10 2026,6:03,6:41,7:15,11:56,16:37,17:11,17:50,9.36,1.14,10.51,3:05:30
Nov 11 2026,6:04,6:42,7:17,11:57,16:36,17:10,17:49,9.31,1.15,10.46,3:09:27
Nov 12 2026,6:05,6:44,7:18,11:57,16:34,17:09,17:47,9.27,1.15,10.42,3:13:24
Nov 13 2026,6:07,6:45,7:20,11:57,16:33,17:08,17:46,9.22,1.16,10.37,3:17:20
Nov 14 2026,6:08,6:47,7:22,11:57,16:32,17:07,17:45,9.17,1.16,10.33,3:21:17
Nov 15 2026,6:10,6:48,7:23,11:57,16:31,17:06,17:44,9.12,1.16,10.29,3:25:13
Nov 16 2026,6:11,6:50,7:25,11:57,16:29,17:04,17:43,9.08,1.17,10.24,3:29:10
Nov 17 2026,6:12,6:51,7:26,11:58,16:28,17:03,17:42,9.03,1.17,10.20,3:33:06
Nov 18 2026,6:14,6:53,7:28,11:58,16:27,17:02,17:41,8.99,1.17,10.16,3:37:03
Nov 19 2026,6:15,6:54,7:29,11:58,16:26,17:01,17:41,8.94,1.18,10.12,3:40:59
Nov 20 2026,6:16,6:55,7:31,11:58,16:25,17:01,17:40,8.90,1.18,10.08,3:44:56
Nov 21 2026,6:18,6:57,7:32,11:58,16:24,17:00,17:39,8.86,1.19,10.05,3:48:53
Nov 22 2026,6:19,6:58,7:34,11:59,16:23,16:59,17:38,8.82,1.19,10.01,3:52:49
Nov 23 2026,6:20,7:00,7:35,11:59,16:22,16:58,17:37,8.78,1.19,9.97,3:56:46
Nov 24 2026,6:21,7:01,7:37,11:59,16:21,16:57,17:37,8.74,1.20,9.94,4:00:42
Nov 25 2026,6:23,7:02,7:38,12:00,16:21,16:57,17:36,8.70,1.20,9.90,4:04:39
Nov 26 2026,6:24,7:04,7:40,12:00,16:20,16:56,17:36,8.67,1.20,9.87,4:08:35
Nov 27 2026,6:25,7:05,7:41,12:00,16:19,16:55,17:35,8.63,1.21,9.84,4:12:32
Nov 28 2026,6:26,7:06,7:43,12:01,16:18,16:55,17:34,8.60,1.21,9.81,4:16:28
Nov 29 2026,6:28,7:07,7:44,12:01,16:18,16:54,17:34,8.56,1.21,9.78,4:20:25
Nov 30 2026,6:29,7:09,7:45,12:01,16:17,16:54,17:34,8.53,1.22,9.75,4:24:22
Dec  1 2026,6:30,7:10,7:46,12:02,16:17,16:53,17:33,8.50,1.22,9.72,4:28:18
Dec  2 2026,6:31,7:11,7:48,12:02,16:16,16:53,17:33,8.47,1.22,9.70,4:32:15
Dec  3 2026,6:32,7:12,7:49,12:02,16:16,16:52,17:33,8.44,1.23,9.67,4:36:11
Dec  4 2026,6:33,7:13,7:50,12:03,16:15,16:52,17:32,8.42,1.23,9.65,4:40:08
Dec  5 2026,6:34,7:14,7:51,12:03,16:15,16:52,17:32,8.39,1.23,9.62,4:44:04
Dec  6 2026,6:35,7:15,7:53,12:04,16:15,16:52,17:32,8.37,1.24,9.60,4:48:01
Dec  7 2026,6:36,7:17,7:54,12:04,16:14,16:51,17:32,8.34,1.24,9.58,4:51:57
Dec  8 2026,6:37,7:18,7:55,12:05,16:14,16:51,17:32,8.32,1.24,9.56,4:55:54
Dec  9 2026,6:38,7:19,7:56,12:05,16:14,16:51,17:32,8.30,1.24,9.55,4:59:51
Dec 10 2026,6:39,7:19,7:57,12:05,16:14,16:51,17:32,8.28,1.24,9.53,5:03:47
Dec 11 2026,6:40,7:20,7:58,12:06,16:14,16:51,17:32,8.27,1.25,9.51,5:07:44
Dec 12 2026,6:41,7:21,7:59,12:06,16:14,16:51,17:32,8.25,1.25,9.50,5:11:40
Dec 13 2026,6:41,7:22,8:00,12:07,16:14,16:51,17:32,8.24,1.25,9.49,5:15:37
Dec 14 2026,6:42,7:23,8:00,12:07,16:14,16:52,17:32,8.23,1.25,9.48,5:19:33
Dec 15 2026,6:43,7:24,8:01,12:08,16:14,16:52,17:33,8.22,1.25,9.47,5:23:30
Dec 16 2026,6:44,7:24,8:02,12:08,16:14,16:52,17:33,8.21,1.25,9.46,5:27:26
Dec 17 2026,6:44,7:25,8:03,12:09,16:15,16:52,17:33,8.20,1.25,9.45,5:31:23
Dec 18 2026,6:45,7:26,8:03,12:09,16:15,16:53,17:34,8.19,1.25,9.45,5:35:20
Dec 19 2026,6:46,7:26,8:04,12:10,16:15,16:53,17:34,8.19,1.25,9.45,5:39:16
Dec 20 2026,6:46,7:27,8:05,12:10,16:16,16:54,17:34,8.19,1.26,9.44,5:43:13
Dec 21 2026,6:47,7:27,8:05,12:11,16:16,16:54,17:35,8.19,1.26,9.44,5:47:09
Dec 22 2026,6:47,7:28,8:06,12:11,16:17,16:55,17:35,8.19,1.26,9.44,5:51:06
Dec 23 2026,6:48,7:28,8:06,12:12,16:17,16:55,17:36,8.19,1.26,9.45,5:55:02
Dec 24 2026,6:48,7:29,8:06,12:12,16:18,16:56,17:37,8.19,1.25,9.45,5:58:59
Dec 25 2026,6:48,7:29,8:07,12:13,16:19,16:56,17:37,8.20,1.25,9.45,6:02:55
Dec 26 2026,6:49,7:29,8:07,12:13,16:19,16:57,17:38,8.21,1.25,9.46,6:06:52
Dec 27 2026,6:49,7:30,8:07,12:14,16:20,16:58,17:39,8.22,1.25,9.47,6:10:48
Dec 28 2026,6:49,7:30,8:07,12:14,16:21,16:59,17:39,8.23,1.25,9.48,6:14:45
Dec 29 2026,6:49,7:30,8:08,12:15,16:22,16:59,17:40,8.24,1.25,9.49,6:18:42
Dec 30 2026,6:50,7:30,8:08,12:15,16:23,17:00,17:41,8.25,1.25,9.50,6:22:38
Dec 31 2026,6:50,7:30,8:08,12:16,16:24,17:01,17:42,8.27,1.25,9.51,6:26:35
